AccountId,Security,Operations,Billing
7777777777,email,email,email
7777777778,email,email,email
7777777779,email,email,email
7777777780,email,email,email
7777777781,email,email,email
7777777782,email,email,email
7777777783,email,email,email
7777777784,email,email,email
7777777785,email,email,email
7777777786,email,email,email
7777777787,email,email,email
7777777788,email,email,email
7777777789,email,email,email
7777777790,email,email,email
7777777791,email,email,email
7777777792,email,email,email
7777777793,email,email,email
7777777794,email,email,email
7777777795,email,email,email
7777777796,email,email,email
7777777797,email,email,email
7777777798,email,email,email
7777777799,email,email,email
7777777800,email,email,email
7777777801,email,email,email
7777777802,email,email,email
7777777803,email,email,email
7777777804,email,email,email
7777777805,email,email,email
7777777806,email,email,email
7777777807,email,email,email
7777777808,email,email,email
7777777809,email,email,email
7777777810,email,email,email
7777777811,email,email,email
7777777812,email,email,email
7777777813,email,email,email
7777777814,email,email,email
7777777815,email,email,email
7777777816,email,email,email
7777777817,email,email,email